case_id,feasible,best_start_time_s,best_start_distance_km,T_end,SOC_end_pct,E_heat_kwh,charge_time_s,charge_power_kw,score,feasible_count,t_charge_min,t_charge_max,E_heat_min,E_heat_max,n_eval,fb_penalty
1,1,1355.5000,29.3865,22.999394,10.299585,3.704459,1031.3970,85.1491,33.307299,546,1031.3970,1042.6569,3.187959,3.806792,1055,0
2,1,370.3000,35.7923,20.000305,16.589951,3.135783,933.4367,85.5941,50.000000,509,933.4367,940.5983,3.135783,3.752949,913,0
3,1,551.6000,35.2508,20.000446,14.301165,3.172710,983.3079,84.1858,48.046672,711,980.9197,1017.5986,3.172710,4.092044,1134,0
4,0,3150.0000,10.2395,13.865070,8.591798,2.247465,1231.6563,73.0515,-1,0,,,,,451,57.4677
5,1,672.1000,32.1645,21.305656,10.000322,3.382254,1062.0677,83.0452,30.000000,348,1062.0677,1066.1018,3.154921,3.382254,833,0
6,0,2170.0000,15.1661,14.792871,8.815620,2.311619,1206.4199,74.3459,-1,0,,,,,357,41.1417
7,1,1700.0000,21.4321,21.381561,10.000416,3.373456,1060.9467,83.1328,30.000000,353,1060.9467,1065.9115,3.145289,3.373456,966,0
8,1,655.5000,30.8510,20.000633,17.613856,3.104052,911.6502,86.2245,50.000000,703,911.6502,945.0964,3.104052,4.008552,1140,0
9,0,1392.0000,21.3882,12.952948,8.414708,1.936900,1255.8481,71.8220,-1,0,,,,,2812,74.7924
10,1,1768.9000,19.3452,20.573394,10.000245,3.257782,1072.9861,82.2002,30.000000,272,1072.9861,1075.1767,3.164616,3.257782,865,0
11,1,244.4000,37.5098,20.000598,17.236221,3.157446,919.6474,85.9920,50.000000,393,919.6474,921.7231,3.157446,3.564779,792,0
12,0,3100.0000,9.2634,10.347543,7.710968,1.712507,1337.2711,68.1120,-1,0,,,,,414,145.567
13,0,2070.0000,17.5126,16.921023,9.315739,2.665271,1152.1397,77.3015,-1,0,,,,,368,14.1622
14,1,1887.5000,19.4290,20.438502,10.000030,3.256295,1075.0267,82.0444,30.000000,268,1075.0267,1076.7089,3.184795,3.256295,867,0
15,0,3470.0000,5.0354,6.322974,6.586269,1.183916,1561.6721,59.2322,-1,0,,,,,420,303.597
16,1,735.3000,31.9099,20.000428,14.043942,3.174546,989.0175,84.0275,47.457517,706,985.8306,1023.4340,3.174546,4.085546,1163,0
17,1,349.9000,35.7436,20.000662,17.283491,3.136414,918.6435,86.0212,50.000000,494,918.6435,923.9629,3.136414,3.719581,881,0
18,0,2870.0000,14.2462,17.546689,9.466315,2.819114,1136.8538,78.1740,-1,0,,,,,458,8.86694
19,0,3040.0000,8.3559,12.207072,8.141503,1.979793,1280.8616,70.6881,-1,0,,,,,424,95.2698
20,1,67.4000,38.4886,20.000057,17.906992,3.171982,905.4774,86.4044,50.000000,225,905.4774,906.3810,3.171982,3.284316,617,0
21,1,622.4000,33.2254,22.688599,10.000162,3.592457,1042.0485,84.6408,30.000000,495,1042.0485,1049.8145,3.118623,3.592457,990,0
22,1,1601.5000,23.8353,20.000824,13.324369,3.193698,1005.0993,83.5851,45.742338,683,999.6832,1037.8458,3.193698,4.066364,1230,0
23,1,951.6000,30.5484,20.000548,16.309560,3.169231,939.4556,85.4218,50.000000,708,939.4556,973.1413,3.169231,4.073065,1184,0
24,0,1268.0000,26.6575,19.269420,9.849695,3.005184,1097.3889,80.5452,-1,0,,,,,3381,0.759664
25,1,0.0000,39.0000,22.404418,13.509829,3.569134,972.4836,86.1481,30.000000,378,972.4836,973.6168,3.128300,3.569134,708,0
26,0,2250.0000,17.9279,18.605461,9.673591,2.994893,1113.1655,79.6030,-1,0,,,,,406,3.01017
27,0,3140.0000,9.6897,10.678715,7.800387,1.770848,1326.4340,68.5835,-1,0,,,,,422,135.269
28,0,2780.0000,10.0220,10.350248,7.712547,1.704927,1337.1496,68.1167,-1,0,,,,,382,145.442
29,1,1290.3000,27.8455,20.087498,10.000070,3.131010,1080.3588,81.6395,30.000000,90,1080.3588,1080.6772,3.116176,3.131010,3676,0
30,1,995.0000,28.6427,20.000812,12.304252,3.154469,1028.1990,82.9573,42.988553,655,1021.3908,1050.5213,3.154469,3.950469,1159,0
31,1,916.7000,29.4476,22.336664,10.000253,3.466587,1047.0701,84.2347,30.000000,445,1047.0701,1054.6756,3.071587,3.466587,972,0
32,0,3470.0000,4.4339,5.738399,6.411488,1.076194,1601.7321,57.8883,-1,0,,,,,413,332.167
33,0,1595.0000,15.6696,15.719382,9.043931,2.400546,1181.9255,75.6432,-1,0,,,,,3341,27.4644
34,0,3050.0000,11.1656,11.420770,8.030057,1.869258,1301.6062,69.6694,-1,0,,,,,419,112.41
35,1,111.2000,38.2960,20.000810,18.403915,3.182399,895.0568,86.7108,50.000000,258,895.0568,896.7433,3.182399,3.367733,651,0
36,0,1970.0000,6.8092,10.078362,7.589063,1.539940,1348.0863,67.6795,-1,0,,,,,291,156.565
37,0,2220.0000,15.8566,16.536882,9.208858,2.587649,1162.1524,76.7514,-1,0,,,,,379,18.2522
38,1,1530.0000,24.1859,22.173672,10.000189,3.562663,1049.4144,84.0466,30.000000,428,1049.4144,1056.4707,3.195996,3.562663,1050,0
39,0,2780.0000,11.2280,10.408473,7.754574,1.711909,1334.2331,68.2259,-1,0,,,,,382,142.417
40,0,1915.0000,16.7042,18.138127,9.603919,2.871864,1122.8573,78.9941,-1,0,,,,,4004,5.03537
41,1,665.3000,34.4064,22.467672,10.000034,3.548772,1045.1991,84.3858,30.000000,476,1045.1991,1052.2717,3.109606,3.548772,972,0
42,1,1470.2000,21.1914,22.999298,10.435021,3.636826,1028.5761,85.2167,34.595789,545,1028.5761,1045.2100,3.142993,3.784159,1052,0
43,1,447.3000,35.0679,20.000694,14.907645,3.124413,969.9281,84.5592,47.491272,586,968.3785,986.9094,3.124413,3.869913,990,0
44,1,1371.4000,24.1976,22.825567,10.000405,3.656256,1040.1014,84.7989,30.000000,496,1040.1014,1049.0302,3.177756,3.656256,1069,0
45,1,364.0000,35.6308,20.000817,16.863217,3.139101,927.5867,85.7627,50.000000,509,927.5867,934.2543,3.139101,3.745768,923,0
46,1,480.5000,34.4411,20.000681,13.903049,3.167330,992.1509,83.9410,46.313653,621,989.0336,1014.4023,3.167330,3.968164,1036,0
47,0,2280.0000,15.8418,16.072711,9.122943,2.536806,1173.0617,76.1299,-1,0,,,,,382,23.1159
48,0,0.0000,39.0010,19.973919,17.655405,3.154872,911.0155,86.2271,-1,0,,,,,191,0.000680218
49,0,3360.0000,6.1978,9.130032,7.346020,1.537824,1395.3586,65.6061,-1,0,,,,,430,188.592
50,1,799.4000,30.7161,20.000928,12.472920,3.185174,1024.3541,83.0612,44.700213,679,1018.2339,1052.8779,3.185174,4.042174,1130,0
51,0,1972.0000,19.1841,19.907214,9.977981,3.204697,1083.7540,81.4094,-1,0,,,,,4286,0.0134576
52,0,2130.0000,17.0150,12.146703,8.200691,1.887269,1279.9962,70.6777,-1,0,,,,,328,94.0494
53,1,1725.1000,21.1885,21.386858,10.000448,3.377711,1060.8680,83.1389,30.000000,347,1060.8680,1065.8672,3.149045,3.377711,948,0
54,1,0.0000,39.0000,22.792938,11.810215,3.649877,1002.7838,85.6806,30.000000,419,1002.7838,1006.5683,3.139211,3.649877,752,0
55,1,448.6000,34.9115,20.000185,14.127559,3.083561,987.1620,84.0787,45.338139,590,984.1527,1003.5181,3.083561,3.831228,987,0
56,1,352.8000,36.0986,20.000770,16.974112,3.135000,925.2217,85.8309,50.000000,496,925.2217,930.3939,3.135000,3.723000,891,0
57,1,0.0000,39.0000,20.821381,11.236989,3.278706,1041.2583,83.2084,30.000000,210,1041.2583,1042.9698,3.128373,3.278706,541,0
58,1,1547.3000,20.0998,20.000519,14.944953,3.184390,969.1110,84.5820,47.391170,672,966.0838,1000.8947,3.184390,4.038723,1204,0
59,1,819.6000,30.8080,20.000675,17.598475,3.217394,911.9747,86.2150,50.000000,708,911.9747,946.0463,3.217394,4.124227,1164,0
60,1,872.4000,28.9880,21.440805,10.000391,3.377709,1060.0756,83.2011,30.000000,355,1060.0756,1064.7653,3.129709,3.377709,872,0
61,1,121.0000,38.0922,20.000067,16.702229,3.160526,931.0346,85.6630,50.000000,266,931.0346,931.9103,3.160526,3.362193,660,0
62,1,121.2000,38.2762,22.999498,10.242653,3.661728,1032.5832,85.1208,32.667719,544,1032.5832,1041.5747,3.112728,3.746228,918,0
63,1,941.4000,29.2124,20.000868,12.904547,3.194422,1014.5630,83.3268,45.832943,699,1009.0743,1048.5897,3.194422,4.092255,1174,0
64,0,3390.0000,6.0630,8.650466,7.234984,1.492340,1420.6650,64.5359,-1,0,,,,,430,205.265
65,1,974.5000,29.0670,21.470806,10.000021,3.446528,1059.6430,83.2356,30.000000,358,1059.6430,1064.2842,3.192028,3.446528,887,0
66,1,430.3000,35.2129,20.000114,14.930852,3.120165,969.4250,84.5729,47.187394,569,967.9408,983.7723,3.120165,3.837331,978,0
67,0,2840.0000,9.2532,14.288551,8.717779,2.278057,1219.2255,73.6661,-1,0,,,,,422,49.0616
68,1,0.0000,39.0000,22.197695,13.934062,3.573506,966.1152,86.1627,30.000000,352,966.1152,966.5132,3.171506,3.573506,688,0
69,0,2740.0000,10.5725,11.052585,7.863407,1.787684,1315.7909,69.0779,-1,0,,,,,383,125.707
70,1,709.2000,31.1138,20.000919,14.783269,3.171393,972.6593,84.4829,48.432326,705,970.7596,1007.1141,3.171393,4.085226,1150,0
71,0,1213.0000,25.8046,17.416509,9.457505,2.692575,1139.3133,78.0150,-1,0,,,,,3113,9.61743
72,0,4540.0000,1.4219,-0.727495,4.588181,0.299341,2211.4750,42.9663,-1,0,,,,,473,722.507
73,0,2780.0000,10.1844,12.990574,8.416762,2.078532,1255.0176,71.8674,-1,0,,,,,404,74.1985
74,1,13.3000,38.9097,23.000038,11.018787,3.680928,1016.4539,85.5094,30.773931,486,1016.4539,1021.8584,3.130261,3.703094,838,0
75,1,942.9000,26.8719,20.000494,15.119168,3.102558,965.2926,84.6892,48.142642,698,963.1207,998.2009,3.102558,3.994224,1169,0
76,0,2990.0000,11.6990,11.045828,7.898583,1.798696,1314.6282,69.1053,-1,0,,,,,408,124.337
77,1,208.4000,37.6743,20.000468,20.810628,3.212234,848.3431,87.9109,50.000000,348,848.3431,850.6735,3.212234,3.559567,731,0
78,0,2940.0000,12.4627,12.368012,8.248419,2.004003,1273.6834,70.9807,-1,0,,,,,416,88.9276
79,1,1920.8000,19.5258,20.340993,10.000186,3.229017,1076.4993,81.9320,30.000000,199,1076.4993,1077.8148,3.173517,3.229017,764,0
80,1,512.8000,35.0836,20.000259,12.300616,3.159922,1028.2893,82.9545,43.363043,648,1022.2266,1049.6306,3.159922,3.963756,1069,0
81,1,226.3000,37.5284,20.000108,17.866549,3.158393,906.3278,86.3795,50.000000,374,906.3278,908.9175,3.158393,3.535559,771,0
82,1,520.4000,33.9047,20.000196,13.873525,3.130288,992.8147,83.9224,46.815877,660,989.4022,1021.5541,3.130288,3.997621,1077,0
83,0,2680.0000,10.9047,11.495387,8.018750,1.851915,1300.4147,69.7442,-1,0,,,,,381,111.582
84,1,334.4000,36.6637,20.000267,17.333471,3.178672,917.5870,86.0516,50.000000,483,917.5870,920.7841,3.178672,3.736005,893,0
85,0,2510.0000,9.0140,13.197736,8.426694,2.106369,1250.5114,72.1164,-1,0,,,,,379,71.0237
86,1,992.8000,28.6427,20.000281,13.818098,3.196646,994.0499,83.8883,46.858016,699,990.1033,1027.7857,3.196646,4.089979,1180,0
87,1,860.1000,29.7560,20.000557,14.602507,3.099895,976.6452,84.3713,47.709934,695,973.8851,1010.0429,3.099895,3.995562,1161,0
88,1,684.9000,30.5770,20.000724,14.933974,3.138205,969.3498,84.5755,48.371088,721,967.4011,1003.2891,3.138205,4.045705,1166,0
89,0,0.0000,38.9990,19.971055,17.450419,3.182575,915.3785,86.0982,-1,0,,,,,192,0.000837825
90,1,485.2000,33.8893,20.000656,15.235490,3.128659,962.7465,84.7609,48.644606,641,961.6406,986.1186,3.128659,3.937326,1076,0
91,1,258.2000,37.3193,20.000395,17.683827,3.183011,910.1753,86.2673,50.000000,405,910.1753,912.8175,3.183011,3.613345,805,0
92,0,0.0000,39.0010,19.745743,17.260629,3.099958,921.5174,85.7842,-1,0,,,,,187,0.0646464
93,0,1370.0000,22.0955,15.364618,8.980590,2.322168,1190.4193,75.1705,-1,0,,,,,3042,31.8787
94,1,843.2000,30.7765,20.000119,16.524817,3.195324,934.8351,85.5538,50.000000,702,934.8351,969.0024,3.195324,4.104157,1175,0
95,0,1312.0000,20.7370,18.789463,9.744108,2.866519,1108.1122,79.8858,-1,0,,,,,3337,2.12021
96,1,437.5000,35.6180,20.000334,17.732691,3.193403,909.1453,86.2973,50.000000,578,909.1453,927.0975,3.193403,3.922569,983,0
97,1,0.0000,39.0000,22.742229,14.169252,3.623025,955.2936,86.8285,30.000000,427,955.2936,955.6139,3.120025,3.623025,772,0
98,1,816.4000,29.5437,20.000037,13.588383,3.146989,999.1869,83.7467,46.590502,697,994.8423,1033.0700,3.146989,4.045989,1159,0
99,1,649.3000,31.9579,20.000530,13.933854,3.169657,991.4664,83.9598,47.406095,707,988.1889,1026.0946,3.169657,4.085323,1154,0
100,0,2860.0000,14.4846,14.354279,8.765261,2.308655,1216.3771,73.7894,-1,0,,,,,426,47.12
101,0,3150.0000,10.5350,9.945385,7.590866,1.663526,1352.0050,67.4816,-1,0,,,,,416,159.135
102,1,757.3000,31.2566,20.000474,17.187328,3.209825,920.6871,85.9618,50.000000,708,920.6871,954.8276,3.209825,4.119658,1157,0
103,1,1073.6000,31.7522,20.000640,14.475841,3.246670,979.4407,84.2935,48.073997,711,977.0817,1013.8266,3.246670,4.154003,1201,0
104,1,869.0000,30.0712,20.000700,12.623348,3.074586,1020.9374,83.1536,45.210547,711,1014.5622,1054.4946,3.074586,3.981919,1181,0
105,1,92.7000,38.3220,20.000469,18.376147,3.151063,895.6397,86.6934,50.000000,244,895.6397,897.0440,3.151063,3.305563,627,0
106,1,299.6000,36.8171,20.000347,17.337784,3.161465,917.4948,86.0543,50.000000,441,917.4948,919.9502,3.161465,3.660799,827,0
107,1,58.3000,38.5881,20.000404,17.282607,3.182912,918.6646,86.0204,50.000000,215,918.6646,919.3008,3.182912,3.280079,606,0
108,1,0.0000,39.0000,21.119868,14.452004,3.376343,967.3445,85.3786,30.000000,236,967.3445,967.4349,3.172177,3.376343,556,0
109,0,2630.0000,11.1733,15.312595,8.943393,2.410248,1192.5853,75.0733,-1,0,,,,,409,33.136
110,1,818.8000,30.0803,20.000424,13.354736,3.179611,1004.4219,83.6033,46.389422,705,999.7582,1038.5086,3.179611,4.082944,1161,0
111,1,586.0000,32.9518,20.000475,11.909053,3.174307,1037.2467,82.7138,34.029877,613,1030.2689,1043.3767,3.174307,3.838807,1103,0
112,1,647.7000,31.8992,20.000852,19.323441,3.157239,875.9785,87.2766,50.000000,709,875.9785,909.6768,3.157239,4.065739,1143,0
113,0,2520.0000,14.9858,14.402015,8.754822,2.323052,1215.8198,73.8341,-1,0,,,,,393,46.8421
114,1,105.8000,38.2115,20.000398,16.574957,3.178855,933.7571,85.5849,50.000000,249,933.7571,934.4949,3.178855,3.355188,619,0
115,0,0.0000,39.0000,18.461095,23.051993,2.930935,820.6271,87.4386,-1,0,,,,,177,2.36823
116,1,249.2000,36.8682,20.134643,10.000071,3.114047,1079.6394,81.6939,30.000000,127,1079.6394,1080.0731,3.090047,3.114047,454,0
117,1,106.8000,38.2226,20.000771,17.975616,3.155953,904.0285,86.4472,50.000000,250,904.0285,905.4503,3.155953,3.333953,618,0
118,0,3710.0000,4.9631,6.766291,6.702072,1.239743,1533.2600,60.2347,-1,0,,,,,447,283.894
119,0,2840.0000,8.5756,13.416327,8.452094,2.156357,1245.2738,72.3940,-1,0,,,,,415,67.3049
120,0,1194.0000,27.2652,18.889930,9.776333,2.977814,1105.5537,80.0339,-1,0,,,,,3281,1.73252
121,0,0.0000,38.9990,19.846581,17.412031,3.168034,917.3447,85.9664,-1,0,,,,,192,0.0235373
122,1,13.1000,38.9230,22.999527,11.967891,3.707631,996.9415,85.9834,30.760081,487,996.9415,1000.5423,3.154964,3.729464,839,0
123,0,1659.0000,23.4896,14.855929,8.874488,2.290903,1203.2918,74.4775,-1,0,,,,,3339,39.1292
124,0,3470.0000,5.5517,7.200334,6.872589,1.293105,1503.7643,61.2733,-1,0,,,,,426,261.638
125,1,1440.1000,20.9273,20.000403,14.304381,3.165269,983.2371,84.1877,46.559755,671,979.1140,1015.0685,3.165269,4.023936,1202,0
126,1,956.3000,32.2863,20.000150,13.726031,3.246732,996.1070,83.8316,47.185791,708,992.5196,1030.7623,3.246732,4.159565,1189,0
127,1,39.6000,38.7010,20.000567,18.066606,3.194558,902.1198,86.5030,50.000000,190,902.1198,902.7019,3.194558,3.260558,564,0
128,0,2930.0000,7.5814,12.246225,8.171809,1.987770,1278.9557,70.7636,-1,0,,,,,414,93.5438
129,0,1906.0000,17.1711,18.094161,9.590810,2.859481,1123.9747,78.9302,-1,0,,,,,3986,5.30659
130,0,3920.0000,4.8624,6.490564,6.684953,1.218733,1548.2324,59.6661,-1,0,,,,,467,292.4
131,0,3930.0000,2.7053,2.084390,5.482474,0.643342,1891.0314,49.6513,-1,0,,,,,433,525.049
132,1,775.3000,31.8402,20.000245,14.043784,3.143027,989.0231,84.0272,47.378738,702,985.7442,1023.2712,3.143027,4.050360,1155,0
133,1,774.9000,30.5927,20.000709,15.719344,3.177368,952.2084,85.0587,49.476879,720,951.6068,986.1061,3.177368,4.080202,1178,0
134,0,583.0000,32.8652,17.641037,9.516695,2.646173,1133.7323,78.3333,-1,0,,,,,2390,7.90055
135,0,2500.0000,15.6060,15.068372,8.918902,2.370270,1197.8835,74.7670,-1,0,,,,,394,36.0087
136,1,776.7000,30.8679,22.999749,10.187263,3.652610,1033.7359,85.0933,32.189906,511,1033.7359,1042.0585,3.132110,3.716610,953,0
137,1,553.9000,33.1538,20.000105,17.871693,3.129114,906.2196,86.3827,50.000000,715,906.2196,940.1082,3.129114,4.044614,1142,0
138,0,1526.0000,23.9856,15.030991,8.918163,2.304221,1198.5992,74.7232,-1,0,,,,,3201,36.3948
139,1,345.2000,36.7965,20.000472,21.468198,3.206759,837.2323,88.0879,50.000000,501,837.2323,842.4051,3.206759,3.782093,926,0
140,1,752.5000,30.9293,20.000837,13.319161,3.105043,1005.2162,83.5819,46.235158,711,1000.3545,1039.0943,3.105043,4.015376,1160,0
141,0,2170.0000,15.4059,18.073372,9.606227,2.834307,1123.8506,78.9217,-1,0,,,,,389,5.26246
142,1,47.6000,38.6660,20.000824,19.997520,3.180509,862.1497,87.6914,50.000000,198,862.1497,863.2178,3.180509,3.259842,574,0
143,0,2690.0000,9.2601,14.370156,8.732048,2.277916,1217.1899,73.7745,-1,0,,,,,407,47.7722
144,1,439.6000,34.4729,20.000445,13.327352,3.163826,1005.0369,83.5865,43.501984,581,1000.9640,1019.7678,3.163826,3.896493,981,0
145,0,1802.0000,20.5737,17.795576,9.529391,2.800518,1130.7708,78.5243,-1,0,,,,,3833,7.07421
146,1,224.9000,37.6235,20.000866,16.675641,3.150940,931.5958,85.6473,50.000000,378,931.5958,932.9164,3.150940,3.525773,770,0
147,1,0.0000,38.9990,21.220008,13.457388,3.366542,987.4238,84.9116,30.000000,246,987.4238,988.2194,3.144209,3.366542,565,0
148,0,1694.0000,26.1907,16.669696,9.301363,2.632568,1156.9294,76.9972,-1,0,,,,,3603,15.9719
149,1,898.5000,29.1751,20.000781,13.769235,3.175363,995.1345,83.8588,46.887531,709,991.1912,1029.1990,3.175363,4.079363,1169,0
150,1,276.0000,37.3419,20.000483,15.472584,3.184383,957.5756,84.9067,48.391795,421,957.5659,957.7461,3.184383,3.644383,827,0
151,1,765.5000,31.1035,22.833567,10.000221,3.610413,1039.9920,84.8081,30.000000,507,1039.9920,1048.4157,3.118080,3.610413,1026,0
152,0,2550.0000,10.3312,9.762758,7.589241,1.526176,1359.4261,67.1148,-1,0,,,,,348,162.919
153,1,166.7000,37.8867,20.000579,16.216187,3.140162,941.4658,85.3643,50.000000,309,941.4658,942.1738,3.140162,3.417995,683,0
154,0,4710.0000,0.3086,-2.751477,3.988306,0.082775,2524.5955,37.9367,-1,0,,,,,477,879.034
155,1,40.4000,38.6868,20.000279,17.356856,3.148309,917.0911,86.0660,50.000000,189,917.0911,917.5458,3.148309,3.215642,571,0
156,1,145.0000,37.8918,20.000885,16.638074,3.158724,932.4000,85.6242,50.000000,299,932.4000,933.3651,3.158724,3.400390,704,0
157,1,729.0000,32.3925,20.000411,17.636679,3.231084,911.1703,86.2383,50.000000,719,911.1703,945.4875,3.231084,4.145750,1176,0
158,1,407.7000,36.2061,21.803582,10.000080,3.436549,1054.7759,83.6196,30.000000,402,1054.7759,1059.9339,3.110216,3.436549,879,0
159,1,1058.9000,24.3032,20.000231,15.136197,3.080543,964.9227,84.6994,47.845181,697,962.4260,997.1860,3.080543,3.961543,1159,0
160,0,2730.0000,9.6796,14.605152,8.751554,2.316422,1212.0814,74.0652,-1,0,,,,,413,44.6906
161,0,3850.0000,3.4805,3.937136,5.931789,0.852370,1734.4876,53.8061,-1,0,,,,,438,423.519
162,1,801.0000,32.2911,23.000054,10.205371,3.707336,1033.3549,85.1026,32.359204,519,1033.3549,1041.2478,3.182669,3.777503,969,0
163,1,317.9000,36.2353,20.000118,16.016581,3.115796,945.7776,85.2411,50.000000,462,945.7776,946.1741,3.115796,3.645629,846,0
164,0,3790.0000,3.6312,4.229029,6.075660,0.903273,1708.0198,54.5337,-1,0,,,,,435,402.728
165,0,3130.0000,8.9582,11.985832,8.105432,1.954539,1286.8083,70.3968,-1,0,,,,,432,100.121
166,1,0.0000,39.0000,22.821248,11.842962,3.648075,1001.7494,85.7279,30.000000,420,1001.7494,1005.5171,3.131241,3.648075,762,0
167,0,0.0000,39.0000,19.870292,12.014958,3.102145,1036.5727,82.6388,-1,0,,,,,188,0.0168242
168,1,765.4000,30.7916,20.000070,12.591525,3.191771,1021.6683,83.1333,45.505582,697,1015.8399,1054.7444,3.191771,4.089271,1157,0
169,0,0.0000,39.0000,18.820726,20.919551,2.965506,855.0801,87.0578,-1,0,,,,,179,1.39069
170,1,735.1000,31.6116,20.000052,12.499261,3.086919,1023.7661,83.0765,44.719846,701,1017.3614,1053.7507,3.086919,3.962586,1179,0
171,1,699.4000,31.7114,20.000181,18.077436,3.208618,901.8960,86.5093,50.000000,708,901.8960,935.9926,3.208618,4.119952,1151,0
172,0,0.0000,39.0000,19.121198,19.129849,3.007347,887.1618,86.4514,-1,0,,,,,182,0.772293
173,1,189.7000,37.5989,21.637863,10.000142,3.404419,1057.1920,83.4284,30.000000,391,1057.1920,1061.8316,3.108419,3.404419,857,0
174,1,766.6000,31.9810,20.000191,12.663906,3.204765,1020.0232,83.1780,45.804098,710,1014.3940,1054.6416,3.204765,4.117932,1167,0
175,1,245.5000,37.0462,21.715970,10.000405,3.400737,1056.0454,83.5186,30.000000,389,1056.0454,1061.0489,3.091570,3.400737,851,0
176,1,1415.1000,24.6597,22.498803,10.000016,3.584919,1044.7548,84.4217,30.000000,468,1044.7548,1052.7741,3.163585,3.584919,1039,0
177,0,2490.0000,10.0510,15.962902,9.123125,2.536859,1175.0115,76.0034,-1,0,,,,,403,23.9873
178,1,472.6000,34.5355,20.000106,14.701551,3.118283,974.4672,84.4318,47.456060,614,972.5126,995.5630,3.118283,3.905949,1022,0
179,1,0.0000,39.0010,22.675109,12.981679,3.617748,980.1500,86.1532,30.000000,410,980.1500,982.0773,3.128082,3.617748,741,0
180,1,792.6000,30.0244,20.000792,14.318922,3.128416,982.9105,84.1970,47.442274,705,979.7737,1016.5664,3.128416,4.027250,1155,0
181,1,1553.6000,24.1375,21.549528,10.000182,3.422684,1058.4843,83.3265,30.000000,363,1058.4843,1063.8430,3.164350,3.422684,943,0
182,1,716.5000,31.9982,22.999313,10.009147,3.608883,1037.4653,85.0038,30.115126,518,1037.4653,1046.3562,3.090717,3.611883,1052,0
183,1,830.8000,30.0074,20.000837,12.640366,3.137111,1020.5492,83.1642,45.415078,701,1014.4423,1054.4006,3.137111,4.036778,1160,0
184,1,410.3000,36.1377,20.000659,14.161373,3.180523,986.4056,84.1000,44.137445,558,983.8856,996.7810,3.180523,3.864357,980,0
185,0,2200.0000,17.7986,17.365002,9.442114,2.745770,1140.6558,77.9402,-1,0,,,,,386,10.0556
186,1,1061.1000,26.7680,20.000132,13.091047,3.163126,1010.3606,83.4408,45.673641,692,1004.7560,1043.6196,3.163126,4.047793,1174,0
187,0,3230.0000,5.8729,8.723173,7.278545,1.496168,1415.6692,64.7249,-1,0,,,,,414,201.23
188,1,0.0000,39.0000,22.828549,10.631573,3.642009,1026.8097,85.1221,30.000000,428,1026.8097,1032.8552,3.120842,3.642009,762,0
189,0,3620.0000,2.7753,2.614137,5.559451,0.672806,1846.8063,50.7877,-1,0,,,,,404,499.453
190,0,4640.0000,0.8240,-1.493626,4.384279,0.227420,2319.8620,41.0696,-1,0,,,,,479,777.339
191,1,228.1000,37.5550,20.000452,20.583621,3.229937,852.1893,87.8498,50.000000,374,852.1893,855.4611,3.229937,3.610104,775,0
192,1,146.2000,38.1186,20.000430,19.041438,3.172448,881.8065,87.1028,50.000000,293,881.8065,884.3549,3.172448,3.416114,683,0
193,1,0.0000,39.0000,22.043803,12.931429,3.526714,988.7233,85.4702,30.000000,337,988.7233,990.3797,3.151214,3.526714,665,0
194,1,382.5000,35.6625,20.000400,14.962547,3.162784,968.7263,84.5927,45.474863,523,967.5032,975.6118,3.162784,3.800284,926,0
195,1,495.8000,34.6527,20.000148,14.688893,3.153058,974.7455,84.4241,47.959784,639,972.9248,999.6976,3.153058,3.979392,1046,0
196,0,2940.0000,9.6722,10.635244,7.758458,1.733084,1328.9888,68.4914,-1,0,,,,,399,137.944
197,0,1194.0000,26.5131,18.118627,9.611657,2.826574,1122.9437,78.9793,-1,0,,,,,3180,5.04767
198,1,38.8000,38.7424,20.000513,19.250260,3.195903,877.4905,87.2313,50.000000,191,877.4905,878.2524,3.195903,3.260570,564,0
199,0,3510.0000,5.7616,7.299160,6.858000,1.304277,1499.5841,61.4563,-1,0,,,,,431,260.033
200,0,3690.0000,5.0258,5.393345,6.341647,1.056837,1624.5795,57.1283,-1,0,,,,,434,347.19
201,0,3940.0000,2.6561,2.579062,5.524155,0.683669,1851.5262,50.6823,-1,0,,,,,437,503.821
202,0,2670.0000,16.1568,16.420545,9.243092,2.631675,1163.1058,76.6514,-1,0,,,,,426,18.5416
203,1,1812.7000,19.5617,22.305925,10.000316,3.534337,1047.5098,84.1993,30.000000,430,1047.5098,1055.5262,3.155337,3.534337,1056,0
204,0,1584.0000,23.9315,16.670355,9.294272,2.608978,1157.1405,76.9908,-1,0,,,,,3466,16.0671
205,1,1032.2000,28.7079,20.000485,13.116017,3.202823,1009.7932,83.4565,46.006382,695,1004.5988,1043.6191,3.202823,4.095490,1184,0
206,0,0.0000,39.0010,19.316848,17.329894,3.041602,924.0619,85.4535,-1,0,,,,,184,0.466696
207,1,103.8000,38.2078,20.000299,17.795475,3.159971,907.8225,86.3359,50.000000,256,907.8225,909.1195,3.159971,3.332971,638,0
208,1,300.6000,36.9449,20.000593,19.873305,3.152668,864.6899,87.6148,50.000000,442,864.6899,870.2877,3.152668,3.653668,837,0
209,1,781.1000,31.2797,20.000526,15.497287,3.224133,957.0372,84.9219,49.407776,710,956.3452,991.3970,3.224133,4.134299,1191,0
210,1,34.4000,38.7779,22.999898,11.311544,3.714412,1010.4114,85.6557,31.888553,503,1010.4114,1016.1791,3.164578,3.771745,862,0
211,0,2470.0000,13.1939,11.594117,8.012577,1.847784,1298.5201,69.8519,-1,0,,,,,359,110.157
212,1,1576.9000,20.1359,22.333860,10.000357,3.530280,1047.1081,84.2316,30.000000,434,1047.1081,1055.2995,3.149113,3.530280,1032,0
213,0,1478.0000,23.3304,15.053577,8.913591,2.282706,1198.3317,74.7446,-1,0,,,,,3134,36.2699
214,0,2330.0000,17.1159,16.986699,9.313206,2.696429,1151.0903,77.3748,-1,0,,,,,396,13.7968
215,0,1811.0000,19.2817,19.603246,9.915253,3.083238,1090.2621,80.9959,-1,0,,,,,4029,0.229234
216,0,3380.0000,5.7745,8.524565,7.251903,1.460972,1425.5230,64.3010,-1,0,,,,,427,207.206
217,1,1559.4000,24.3154,21.874742,10.000112,3.509209,1053.7405,83.7017,30.000000,393,1053.7405,1060.0244,3.194876,3.509209,989,0
218,1,451.5000,35.2755,20.000538,16.359264,3.177700,938.3865,85.4523,50.000000,592,938.3865,957.2784,3.177700,3.930200,1003,0
219,0,3250.0000,8.1208,9.116750,7.358432,1.538017,1395.4213,65.5919,-1,0,,,,,419,188.224
220,1,942.3000,28.2497,20.000177,14.089631,3.151920,988.0047,84.0553,47.147969,700,984.4661,1021.6880,3.151920,4.048420,1172,0
221,1,1033.8000,26.7637,20.000748,15.740183,3.168865,951.7558,85.0716,49.138565,701,950.7760,984.8987,3.168865,4.055031,1172,0
222,1,677.3000,32.8958,20.000856,12.355856,3.115080,1027.0215,82.9891,43.705451,654,1020.6537,1051.0029,3.115080,3.940913,1093,0
223,1,1668.3000,22.0592,22.999652,10.438272,3.656874,1028.5035,85.2187,34.578189,550,1028.5035,1045.2228,3.157208,3.805208,1083,0
224,1,273.2000,37.0762,20.233073,10.000244,3.132359,1078.1365,81.8075,30.000000,190,1078.1365,1078.8793,3.090359,3.132359,563,0
225,1,729.5000,31.9982,20.000895,16.244998,3.210387,940.8420,85.3824,50.000000,710,940.8420,975.2662,3.210387,4.122053,1154,0
226,1,802.3000,32.1561,20.862156,10.000291,3.339636,1068.6535,82.5334,30.000000,320,1068.6535,1071.3830,3.188969,3.339636,845,0
227,1,568.1000,33.7636,20.000666,13.774025,3.179155,995.0289,83.8616,47.321541,725,991.6102,1029.9012,3.179155,4.102321,1167,0
228,1,546.8000,34.3626,20.000341,13.378658,3.107785,1003.8856,83.6180,46.519707,690,999.5509,1036.9156,3.107785,4.019119,1099,0
229,0,4690.0000,0.3623,-2.638255,4.031894,0.083183,2504.2120,38.2235,-1,0,,,,,475,868.673
230,1,503.4000,33.6101,22.721152,10.000068,3.536926,1041.5883,84.6783,30.000000,494,1041.5883,1049.6944,3.055759,3.536926,985,0
231,1,160.2000,37.8359,21.159369,10.000273,3.339351,1064.2319,82.8764,30.000000,348,1064.2319,1067.6430,3.128518,3.339351,811,0
232,1,171.9000,37.9194,20.000799,15.546454,3.143423,955.9642,84.9524,50.000000,316,955.9642,956.1719,3.143423,3.429923,693,0
233,1,929.5000,28.1816,20.000463,12.772752,3.067095,1017.5515,83.2453,45.134503,700,1011.1749,1050.4919,3.067095,3.963595,1155,0
234,0,2980.0000,10.5302,13.196637,8.459716,2.139996,1249.3843,72.1481,-1,0,,,,,428,70.0105
235,0,1996.0000,20.7547,18.019175,9.584018,2.858744,1125.4136,78.8369,-1,0,,,,,4085,5.65408
236,0,692.0000,31.2721,18.958326,9.787175,2.931619,1104.1447,80.1237,-1,0,,,,,2698,1.53803
237,0,2810.0000,9.8742,14.882954,8.867497,2.382979,1203.0193,74.5017,-1,0,,,,,425,39.0098
238,1,1442.0000,22.5460,20.000255,13.894320,3.174157,992.3505,83.9352,46.300026,679,987.7959,1024.7249,3.174157,4.038657,1203,0
239,0,2320.0000,14.0245,16.611770,9.240273,2.607168,1159.8561,76.8692,-1,0,,,,,390,17.252
240,1,742.5000,31.2038,20.000873,14.621823,3.142814,976.2156,84.3835,48.053250,707,973.8485,1010.3262,3.142814,4.052481,1161,0
241,0,2940.0000,8.3414,12.541706,8.295507,2.022701,1268.4246,71.2282,-1,0,,,,,417,84.6791
242,1,881.3000,28.8796,20.000540,12.916704,3.045296,1014.2923,83.3339,45.357941,698,1008.2446,1047.3289,3.045296,3.942962,1159,0
243,0,3120.0000,8.3560,11.807686,8.095054,1.940536,1290.9538,70.1808,-1,0,,,,,430,103.402
244,1,75.7000,38.4434,20.000593,19.490007,3.190313,872.5512,87.3789,50.000000,227,872.5512,874.0844,3.190313,3.316480,607,0
245,0,3210.0000,7.0131,9.294701,7.397919,1.573063,1386.3061,65.9873,-1,0,,,,,417,182.312
246,0,2460.0000,12.9502,15.352505,8.991307,2.429722,1190.2913,75.1673,-1,0,,,,,393,31.7738
247,0,2310.0000,14.7389,16.880858,9.323631,2.658025,1152.5844,77.2631,-1,0,,,,,392,14.3038
248,0,3550.0000,4.1871,6.261053,6.555131,1.168482,1566.4330,59.0772,-1,0,,,,,427,307.43
249,0,2860.0000,9.7030,8.746183,7.314480,1.457133,1413.1802,64.8068,-1,0,,,,,375,198.769
250,1,2038.8000,19.8623,21.406571,10.000348,3.455607,1060.5801,83.1616,30.000000,346,1060.5801,1065.6059,3.224107,3.455607,984,0
251,0,2370.0000,17.3883,15.372779,8.975681,2.441569,1190.4302,75.1750,-1,0,,,,,385,31.9035
252,1,510.4000,34.8444,20.000741,14.482924,3.132129,979.2830,84.2979,47.757060,650,977.0743,1006.6167,3.132129,3.982796,1066,0
253,1,651.8000,33.1377,20.000229,12.655989,3.096927,1020.2024,83.1732,45.711844,712,1014.4583,1054.6441,3.096927,4.014927,1149,0
254,0,2780.0000,13.4446,13.041720,8.418217,2.124394,1253.9370,71.9279,-1,0,,,,,407,73.438
255,0,2330.0000,13.7948,14.911980,8.842319,2.376742,1203.3109,74.5100,-1,0,,,,,377,39.2902
256,0,1283.0000,26.1940,18.011673,9.584290,2.835348,1125.5290,78.8285,-1,0,,,,,3285,5.68159
257,0,3250.0000,6.2998,8.745834,7.309093,1.510479,1413.4177,64.8008,-1,0,,,,,417,199.066
258,1,798.5000,30.5693,21.772655,10.000378,3.447361,1055.2197,83.5840,30.000000,392,1055.2197,1060.7268,3.140695,3.447361,909,0
259,0,3190.0000,7.1141,9.551101,7.471124,1.604851,1372.7177,66.5733,-1,0,,,,,417,173.132
260,1,520.3000,34.3577,20.000408,18.687205,3.115356,889.1561,86.8848,50.000000,659,889.1561,918.5487,3.115356,3.982522,1076,0
261,1,85.1000,38.3471,20.000405,17.564898,3.166653,912.6866,86.1941,50.000000,240,912.6866,913.6859,3.166653,3.308486,638,0
262,0,3000.0000,8.7636,10.014318,7.644144,1.663054,1347.4355,67.6607,-1,0,,,,,401,155.214
263,0,2370.0000,14.9423,16.138578,9.135936,2.546470,1171.4773,76.2189,-1,0,,,,,391,22.3766
264,0,3050.0000,7.9169,12.180657,8.184552,1.976153,1279.8667,70.7007,-1,0,,,,,425,94.1006
265,0,2090.0000,17.5828,16.840471,9.296947,2.640986,1154.1143,77.1898,-1,0,,,,,369,14.9255
266,0,3810.0000,5.7173,7.200193,6.851306,1.324192,1504.7316,61.2517,-1,0,,,,,462,262.978
267,1,866.6000,30.5775,20.000177,19.540027,3.224053,871.5262,87.4094,50.000000,703,871.5262,905.3136,3.224053,4.130053,1169,0
268,1,1159.1000,24.5013,20.000403,12.771064,3.076094,1017.5905,83.2442,44.930982,692,1010.9804,1050.1009,3.076094,3.959261,1179,0
269,0,3320.0000,7.8224,10.626474,7.774270,1.774756,1328.5875,68.4971,-1,0,,,,,440,137.402
270,0,3220.0000,7.0967,8.714115,7.317345,1.481687,1414.4618,64.7456,-1,0,,,,,412,199.338
271,1,360.7000,35.8185,20.000827,17.761181,3.129078,908.5403,86.3153,50.000000,503,908.5403,915.9439,3.129078,3.730244,901,0
272,1,1818.3000,23.7287,22.729990,10.000415,3.658393,1041.4556,84.6887,30.000000,480,1041.4556,1050.1652,3.203559,3.658393,1114,0
273,0,2610.0000,13.9542,13.743023,8.621244,2.180561,1233.0283,72.9401,-1,0,,,,,393,58.1594
274,0,1850.0000,16.8715,19.112791,9.812420,3.003781,1100.9518,80.3272,-1,0,,,,,4020,1.139
275,0,3920.0000,2.0593,1.025234,5.083409,0.481523,2002.6977,47.1339,-1,0,,,,,422,601.77
276,1,41.4000,38.6856,20.000208,15.759713,3.157685,951.3378,85.0831,50.000000,199,951.3378,951.5043,3.157685,3.226685,593,0
277,1,0.0000,38.9990,20.739552,14.092840,3.290597,979.3497,84.7940,30.000000,214,979.3497,979.6079,3.156097,3.290597,553,0
278,0,2950.0000,10.5513,15.443741,8.970294,2.486672,1189.3104,75.2515,-1,0,,,,,446,31.3624
279,0,2590.0000,12.2738,13.156280,8.400218,2.108263,1252.2643,72.0421,-1,0,,,,,387,72.4295
280,0,2480.0000,17.7539,18.263500,9.630851,2.927351,1119.9948,79.1657,-1,0,,,,,425,4.37814
281,0,3530.0000,5.3936,7.127964,6.797980,1.294992,1510.7067,61.0539,-1,0,,,,,432,268.219
282,1,916.7000,29.4890,20.000717,14.037981,3.191353,989.1466,84.0241,47.237690,700,985.6994,1023.1379,3.191353,4.090853,1172,0
283,0,5755.7985,0.0000,-3.713999,0.978203,0.000000,2983.8711,33.3686,-1,0,,,,,577,1376.28
284,1,1013.5000,29.7808,20.000475,14.516542,3.133888,978.5434,84.3183,47.624003,707,975.6634,1012.0274,3.133888,4.036055,1178,0
285,1,1569.3000,22.6726,20.000912,12.970538,3.181316,1013.0709,83.3674,45.061444,675,1006.7328,1045.2344,3.181316,4.043649,1206,0
286,0,3640.0000,3.1442,4.011523,5.976015,0.869351,1727.2564,53.9991,-1,0,,,,,418,417.556
287,1,745.9000,31.4560,20.000345,14.655388,3.167088,975.4816,84.4037,48.161720,716,973.2494,1009.6779,3.167088,4.076755,1153,0
288,0,2530.0000,12.4200,16.179959,9.172392,2.563940,1169.5825,76.3031,-1,0,,,,,408,21.4421
289,1,1026.2000,28.9133,20.000854,12.290662,3.177227,1028.5086,82.9490,42.878124,634,1021.7469,1050.2296,3.177227,3.969727,1112,0
290,0,4680.0000,1.5367,-0.333422,4.691730,0.373132,2159.1721,43.9467,-1,0,,,,,492,695.225
291,0,2830.0000,10.1434,12.904388,8.385484,2.063788,1257.8539,71.7367,-1,0,,,,,408,76.4143
292,1,0.0000,38.9990,20.734010,11.296928,3.257027,1041.1197,83.1469,30.000000,213,1041.1197,1042.6542,3.122694,3.257027,551,0
293,1,889.8000,28.3534,20.000114,15.696869,3.172423,952.7025,85.0443,49.306055,703,951.9076,986.2705,3.172423,4.064923,1158,0
294,0,2500.0000,12.0679,11.818670,8.117967,1.880018,1289.8884,70.2164,-1,0,,,,,364,102.355
295,1,285.3000,36.8785,20.000088,20.866938,3.152796,847.3926,87.9258,50.000000,442,847.3926,850.9938,3.152796,3.628296,857,0
296,1,222.9000,37.5586,20.000861,17.441972,3.163863,915.2826,86.1189,50.000000,367,915.2826,917.3700,3.163863,3.535363,750,0
297,1,2168.5000,15.2832,20.270392,10.000159,3.188332,1077.5713,81.8505,30.000000,195,1077.5713,1078.6846,3.145499,3.188332,787,0
298,1,38.3000,38.7049,22.999595,11.091653,3.615323,1014.9528,85.5454,32.086057,505,1014.9528,1021.4266,3.067156,3.679156,856,0
299,0,2600.0000,11.9034,12.473448,8.274597,1.990644,1270.5724,71.1286,-1,0,,,,,381,86.4191
300,1,361.4000,36.7878,20.000106,14.547431,3.187279,977.8656,84.3370,39.399668,501,976.1990,980.9156,3.187279,3.789613,905,0
